{
  "examples": 10,
  "epochs": 80,
  "batch_size": 4,
  "device": "cpu",
  "losses": [
    5.764252185821533,
    5.597583770751953,
    5.503589153289795,
    5.278661727905273,
    5.184950828552246,
    5.086531639099121,
    4.933398723602295,
    4.903375148773193,
    4.912541389465332,
    4.698079586029053,
    4.702544689178467,
    4.630160808563232,
    4.5063276290893555,
    4.451807022094727,
    4.503490924835205,
    4.329808712005615,
    4.286904335021973,
    4.271507740020752,
    4.178961753845215,
    4.116158485412598,
    4.038516044616699,
    3.994802951812744,
    3.964656114578247,
    3.8526532649993896,
    3.841909170150757,
    3.768828868865967,
    3.7190780639648438,
    3.6660783290863037,
    3.5653557777404785,
    3.659945011138916,
    3.4860525131225586,
    3.4392311573028564,
    3.4481141567230225,
    3.301625967025757,
    3.3151917457580566,
    3.259735584259033,
    3.167541027069092,
    3.1665472984313965,
    3.0129780769348145,
    3.046022415161133,
    2.9293503761291504,
    2.9421863555908203,
    2.876342535018921,
    2.85211181640625,
    2.7318520545959473,
    2.7756640911102295,
    2.673332452774048,
    2.6617565155029297,
    2.571772575378418,
    2.5773165225982666,
    2.6391849517822266,
    2.488718032836914,
    2.474285125732422,
    2.4414803981781006,
    2.4726388454437256,
    2.306562662124634,
    2.2726962566375732,
    2.34419322013855,
    2.187189817428589,
    2.2303056716918945,
    2.160388231277466,
    2.2001383304595947,
    2.0916740894317627,
    2.1239404678344727,
    2.002931594848633,
    2.1017558574676514,
    1.9203803539276123,
    2.0314269065856934,
    2.0243940353393555,
    1.9038771390914917,
    1.8735105991363525,
    1.9978147745132446,
    1.8864529132843018,
    1.7336090803146362,
    1.8705737590789795,
    1.7846238613128662,
    1.787920355796814,
    1.6248323917388916,
    1.6372936964035034,
    1.7170268297195435,
    1.680800437927246,
    1.667921781539917,
    1.5329009294509888,
    1.6430251598358154,
    1.5658766031265259,
    1.5117582082748413,
    1.4954357147216797,
    1.4622541666030884,
    1.4649242162704468,
    1.5084577798843384,
    1.4257304668426514,
    1.4000320434570312,
    1.4063931703567505,
    1.3805780410766602,
    1.3623579740524292,
    1.1997336149215698,
    1.270578145980835,
    1.2396198511123657,
    1.2816590070724487,
    1.2849315404891968,
    1.1677101850509644,
    1.1275891065597534,
    1.1045945882797241,
    1.1534757614135742,
    1.162875771522522,
    1.0251659154891968,
    1.1414846181869507,
    1.0561190843582153,
    1.0327802896499634,
    0.9553562998771667,
    1.097062349319458,
    0.9872568845748901,
    0.9659543037414551,
    0.9168485403060913,
    0.8993510007858276,
    0.8900779485702515,
    0.9798693656921387,
    0.8793454170227051,
    0.8130217790603638,
    0.8938290476799011,
    0.8105332851409912,
    0.766215443611145,
    0.8565552830696106,
    0.7763150334358215,
    0.7876338958740234,
    0.6698554158210754,
    0.7407364845275879,
    0.7142916321754456,
    0.6085584163665771,
    0.6740577816963196,
    0.6737383008003235,
    0.6001735329627991,
    0.601624071598053,
    0.6547855734825134,
    0.5803147554397583,
    0.6088127493858337,
    0.5464226603507996,
    0.5800424814224243,
    0.5764029622077942,
    0.5324826240539551,
    0.542271614074707,
    0.5067638754844666,
    0.5319777727127075,
    0.4549791216850281,
    0.48876523971557617,
    0.4844016134738922,
    0.4166891276836395,
    0.43623602390289307,
    0.46236392855644226,
    0.432945191860199,
    0.4110889136791229,
    0.41254401206970215,
    0.43249374628067017,
    0.3832041025161743,
    0.39432692527770996,
    0.39337122440338135,
    0.37104251980781555,
    0.3735497295856476,
    0.3168818950653076,
    0.3275837004184723,
    0.32210803031921387,
    0.3757517337799072,
    0.3278646469116211,
    0.31787899136543274,
    0.27102452516555786,
    0.2983790338039398,
    0.28049004077911377,
    0.3007413148880005,
    0.2708519697189331,
    0.27789923548698425,
    0.25344744324684143,
    0.23413953185081482,
    0.2601757049560547,
    0.26202040910720825,
    0.22256247699260712,
    0.23749299347400665,
    0.24314039945602417,
    0.20205487310886383,
    0.22451598942279816,
    0.24061600863933563,
    0.20712153613567352,
    0.20212888717651367,
    0.2006341814994812,
    0.20044751465320587,
    0.18606270849704742,
    0.18626359105110168,
    0.1851498931646347,
    0.1753520667552948,
    0.17007657885551453,
    0.1572037786245346,
    0.1690702587366104,
    0.17829062044620514,
    0.16009113192558289,
    0.15308450162410736,
    0.15531708300113678,
    0.1435973048210144,
    0.14592652022838593,
    0.15759052336215973,
    0.14255303144454956,
    0.1341642290353775,
    0.14637026190757751,
    0.13041721284389496,
    0.13857430219650269,
    0.1297730803489685,
    0.13015316426753998,
    0.1262628585100174,
    0.12083396315574646,
    0.12095455825328827,
    0.12240160256624222,
    0.12218445539474487,
    0.11065829545259476,
    0.12009376287460327,
    0.12210486084222794,
    0.11354605108499527,
    0.11118535697460175,
    0.10974297672510147,
    0.10875429958105087,
    0.10610327124595642,
    0.11046166718006134,
    0.10291314125061035,
    0.10325600206851959,
    0.10907988995313644,
    0.10048976540565491,
    0.10268794745206833,
    0.0956571102142334,
    0.09804551303386688,
    0.0968533307313919,
    0.09982695430517197,
    0.09290345758199692,
    0.09593439847230911,
    0.0950675681233406,
    0.09489113837480545,
    0.08941563218832016,
    0.09312468022108078,
    0.08930268883705139,
    0.08810673654079437,
    0.09462323039770126,
    0.08962514996528625,
    0.08363945037126541,
    0.08901561796665192
  ],
  "initial_loss": 5.764252185821533,
  "final_loss": 0.08901561796665192
}