{
  "examples": 10,
  "epochs": 80,
  "batch_size": 4,
  "device": "mps",
  "losses": [
    5.747334003448486,
    5.685469150543213,
    5.623855113983154,
    5.49524450302124,
    5.439558506011963,
    5.417160987854004,
    5.316090106964111,
    5.2912421226501465,
    5.239139556884766,
    5.19373893737793,
    5.1418328285217285,
    5.112827777862549,
    5.03316068649292,
    5.028858184814453,
    5.002992630004883,
    4.947582244873047,
    4.899307727813721,
    4.883216857910156,
    4.806974411010742,
    4.832790374755859,
    4.780152320861816,
    4.710965156555176,
    4.725099086761475,
    4.74714469909668,
    4.645434856414795,
    4.640548229217529,
    4.579337120056152,
    4.565539360046387,
    4.548757553100586,
    4.4967522621154785,
    4.474427700042725,
    4.45957612991333,
    4.458216190338135,
    4.366089344024658,
    4.411501407623291,
    4.382586479187012,
    4.322135925292969,
    4.308469772338867,
    4.304429531097412,
    4.253685474395752,
    4.229994773864746,
    4.1978678703308105,
    4.178657531738281,
    4.176562786102295,
    4.153970241546631,
    4.139951229095459,
    4.064556121826172,
    4.093463897705078,
    4.030553340911865,
    4.035807132720947,
    4.038013458251953,
    4.006343841552734,
    3.9386098384857178,
    3.904655933380127,
    3.934217691421509,
    3.8822996616363525,
    3.8693225383758545,
    3.8398194313049316,
    3.8077499866485596,
    3.8282666206359863,
    3.7976741790771484,
    3.706768035888672,
    3.7717783451080322,
    3.7063794136047363,
    3.6999402046203613,
    3.6720821857452393,
    3.657968044281006,
    3.6254775524139404,
    3.621236801147461,
    3.5815348625183105,
    3.5552029609680176,
    3.5966620445251465,
    3.5468788146972656,
    3.507958173751831,
    3.4556660652160645,
    3.482893228530884,
    3.44806170463562,
    3.393052816390991,
    3.3993656635284424,
    3.3936469554901123,
    3.394312620162964,
    3.339231252670288,
    3.336949586868286,
    3.3017430305480957,
    3.278648614883423,
    3.291322708129883,
    3.224248170852661,
    3.230968475341797,
    3.158684492111206,
    3.266462564468384,
    3.1631925106048584,
    3.138758420944214,
    3.233182907104492,
    3.1193125247955322,
    3.1170175075531006,
    3.050001859664917,
    3.0582892894744873,
    3.0516116619110107,
    3.0513880252838135,
    3.045996904373169,
    2.981233835220337,
    2.9896786212921143,
    2.9709670543670654,
    2.941380739212036,
    2.9543848037719727,
    2.9536666870117188,
    2.862269639968872,
    2.8610341548919678,
    2.8413357734680176,
    2.830453395843506,
    2.8442704677581787,
    2.8295648097991943,
    2.7320871353149414,
    2.8121724128723145,
    2.7417731285095215,
    2.7292356491088867,
    2.762360095977783,
    2.6799802780151367,
    2.729749917984009,
    2.6331136226654053,
    2.6765129566192627,
    2.624767780303955,
    2.6178641319274902,
    2.582872152328491,
    2.6075258255004883,
    2.587676525115967,
    2.5752224922180176,
    2.568138837814331,
    2.513650417327881,
    2.560291290283203,
    2.4460649490356445,
    2.507028341293335,
    2.474898338317871,
    2.4533140659332275,
    2.367988109588623,
    2.3877830505371094,
    2.4064807891845703,
    2.4767708778381348,
    2.3795461654663086,
    2.375060796737671,
    2.3619024753570557,
    2.3619384765625,
    2.284090518951416,
    2.348975419998169,
    2.3097822666168213,
    2.278026819229126,
    2.2375833988189697,
    2.2627477645874023,
    2.233386278152466,
    2.2292699813842773,
    2.244175910949707,
    2.203716278076172,
    2.1496944427490234,
    2.147658586502075,
    2.156740665435791,
    2.207421064376831,
    2.094590187072754,
    2.1303212642669678,
    2.1444854736328125,
    2.099026918411255,
    2.0860936641693115,
    2.0773098468780518,
    2.04239821434021,
    2.057821035385132,
    1.9828131198883057,
    2.0372931957244873,
    1.9997268915176392,
    1.9581080675125122,
    2.004368782043457,
    1.9603912830352783,
    1.9443413019180298,
    1.9753562211990356,
    1.9245511293411255,
    1.8778964281082153,
    1.825459361076355,
    1.9584780931472778,
    1.910721778869629,
    1.8736542463302612,
    1.846592903137207,
    1.8843377828598022,
    1.8010324239730835,
    1.8780838251113892,
    1.7512152194976807,
    1.7781695127487183,
    1.8159759044647217,
    1.7378432750701904,
    1.8199875354766846,
    1.7148842811584473,
    1.7048373222351074,
    1.73891019821167,
    1.7389978170394897,
    1.673795223236084,
    1.6688936948776245,
    1.7684139013290405,
    1.5801503658294678,
    1.6078243255615234,
    1.7100446224212646,
    1.6650491952896118,
    1.643904447555542,
    1.5999984741210938,
    1.6338773965835571,
    1.5999248027801514,
    1.580450177192688,
    1.6366997957229614,
    1.5406291484832764,
    1.5682857036590576,
    1.598101258277893,
    1.5313801765441895,
    1.5865195989608765,
    1.4313678741455078,
    1.4633899927139282,
    1.5316935777664185,
    1.5368809700012207,
    1.4902598857879639,
    1.433632254600525,
    1.5281041860580444,
    1.4095969200134277,
    1.5338679552078247,
    1.3453502655029297,
    1.390477180480957,
    1.436733603477478,
    1.414184331893921,
    1.3352936506271362,
    1.4025709629058838,
    1.454993486404419,
    1.4060099124908447,
    1.365168571472168,
    1.268357276916504,
    1.268021821975708,
    1.3520196676254272,
    1.3984726667404175,
    1.2485480308532715,
    1.3949602842330933,
    1.2245631217956543,
    1.2845898866653442,
    1.2815935611724854,
    1.260123610496521,
    1.2713154554367065,
    1.203547716140747,
    1.278235673904419
  ],
  "initial_loss": 5.747334003448486,
  "final_loss": 1.278235673904419
}